https://www.superjob.ru;https://www.superjob.ru/vakansii/menedzher-po-prodazham-35111833.html;Менеджер по продажам (на личном авто);60000;70000;руб.
https://www.superjob.ru;https://www.superjob.ru/vakansii/menedzher-po-prodazham-avtomobilej-s-probegom-33921133.html;Менеджер по продажам автомобилей с пробегом;;;None
https://www.superjob.ru;https://www.superjob.ru/vakansii/menedzher-po-prodazhe-i-prokatu-avtomobilej-35237328.html;Менеджер по продаже и прокату автомобилей;50000;None;руб.
https://www.superjob.ru;https://www.superjob.ru/vakansii/menedzher-po-prodazham-avtomobilej-v-dilerskij-centr-hyundai-34913248.html;Менеджер по продажам автомобилей в дилерский центр Hyundai;None;50000;руб.
https://www.superjob.ru;https://www.superjob.ru/vakansii/menedzher-po-prodazham-s-lichnym-avtomobilem-35222947.html;Менеджер по продажам с личным автомобилем (рп Таврическое);30000;None;руб.
https://www.superjob.ru;https://www.superjob.ru/vakansii/menedzher-po-prodazham-avtomobilej-mercedes-benz-34584398.html;Менеджер по продажам автомобилей Mercedes-Benz;60000;None;руб.
https://www.superjob.ru;https://www.superjob.ru/vakansii/menedzher-po-prodazham-avtomobilej-kamaz-33476212.html;Менеджер по продажам автомобилей КАМАЗ;;;None
https://www.superjob.ru;https://www.superjob.ru/vakansii/menedzher-po-prodazham-uslug-35146077.html;Менеджер по продажам услуг (Ремонт автотранспорта);;;None
https://www.superjob.ru;https://www.superjob.ru/vakansii/menedzher-po-prodazhe-avtomobilej-35187746.html;Менеджер по продаже автомобилей;144000;180000;руб.
https://www.superjob.ru;https://www.superjob.ru/vakansii/menedzher-po-prodazham-avtomobilej-31835622.html;Менеджер по продажам автомобилей;;;None
https://www.superjob.ru;https://www.superjob.ru/vakansii/menedzher-po-prodazham-avtomobilej-s-probegom-dilerskogo-centra-hyundai-33338920.html;Менеджер по продажам автомобилей с пробегом Дилерского центра HYUNDAI;;;None
https://www.superjob.ru;https://www.superjob.ru/vakansii/menedzher-po-prodazham-avtomobilej-s-probegom-27466006.html;Менеджер по продажам автомобилей с пробегом;;;None
https://www.superjob.ru;https://www.superjob.ru/vakansii/menedzher-po-prodazham-avtomobilej-s-probegom-35284598.html;Менеджер по продажам автомобилей с пробегом;80000;None;руб.
https://www.superjob.ru;https://www.superjob.ru/vakansii/menedzher-po-prodazhe-avtomobilej-33589264.html;Менеджер по продаже автомобилей;50000;None;руб.
https://www.superjob.ru;https://www.superjob.ru/vakansii/menedzher-po-prodazham-avtomobilej-29217403.html;Менеджер по продажам автомобилей;40000;None;руб.
https://www.superjob.ru;https://www.superjob.ru/vakansii/regionalnyj-menedzher-po-prodazhe-gruzovogo-avtotransporta-mercedes-benz-28039195.html;Региональный менеджер по продаже грузового автотранспорта MERCEDES-BENZ;;;None
https://www.superjob.ru;https://www.superjob.ru/vakansii/menedzher-po-prodazham-stroitelnyh-materialov-s-lichnym-avtomobilem-28585056.html;Менеджер по продажам строительных материалов с личным автомобилем;52000;None;руб.
https://www.superjob.ru;https://www.superjob.ru/vakansii/menedzher-po-prodazham-dop-35086698.html;Менеджер по продажам доп. оборудования для автомобилей;None;180000;руб.
https://www.superjob.ru;https://www.superjob.ru/vakansii/specialist-po-prodazham-na-lichnom-avtomobile-35110972.html;Специалист по продажам на личном автомобиле;50000;60000;руб.
https://www.superjob.ru;https://www.superjob.ru/vakansii/specialist-otdela-prodazh-35131072.html;Специалист отдела продаж (с личным автомобилем);50000;60000;руб.
https://www.superjob.ru;https://www.superjob.ru/vakansii/menedzher-po-prodazham-30636559.html;Менеджер по продажам;20000;None;руб.
https://www.superjob.ru;https://www.superjob.ru/vakansii/agent-po-nedvizhimosti-31230804.html;Агент по недвижимости, менеджер по продажам;45000;150000;руб.
https://www.superjob.ru;https://www.superjob.ru/vakansii/menedzher-po-prodazham-35113924.html;Менеджер по продажам;None;70000;руб.
https://www.superjob.ru;https://www.superjob.ru/vakansii/menedzher-po-prodazham-33792074.html;Менеджер по продажам;25000;30000;руб.
https://www.superjob.ru;https://www.superjob.ru/vakansii/menedzher-po-zakupkam-i-prodazhe-35190124.html;Менеджер по закупкам и продаже;;;None
https://www.superjob.ru;https://www.superjob.ru/vakansii/menedzher-roznichnyh-prodazh-zaschit-i-farkopov-35103192.html;Менеджер розничных продаж защит и фаркопов;49000;None;руб.
https://www.superjob.ru;https://www.superjob.ru/vakansii/starshij-menedzher-po-prodazhe-zhilischnyh-kreditov-35227964.html;Старший менеджер по продаже жилищных кредитов;;;None
https://www.superjob.ru;https://www.superjob.ru/vakansii/menedzher-po-prodazham-34593252.html;Менеджер по продажам;70000;None;руб.
https://www.superjob.ru;https://www.superjob.ru/vakansii/menedzher-po-prodazham-avtozapchastej-35087126.html;Менеджер по продажам автозапчастей (интернет-магазин, иномарки);50000;None;руб.
https://www.superjob.ru;https://www.superjob.ru/vakansii/menedzher-po-prodazham-35134667.html;Менеджер по продажам (услуги страхования);None;40000;руб.
https://www.superjob.ru;https://www.superjob.ru/vakansii/menedzher-po-prodazham-35248081.html;Менеджер по продажам (региональный представитель);60000;None;руб.
https://www.superjob.ru;https://www.superjob.ru/vakansii/regionalnyj-menedzher-otdela-prodazh-34427332.html;Региональный менеджер отдела продаж;50000;None;руб.
https://www.superjob.ru;https://www.superjob.ru/vakansii/menedzher-po-razvitiyu-35111702.html;Менеджер по развитию / Менеджер по продажам / Торговый представитель;None;100000;руб.
https://www.superjob.ru;https://www.superjob.ru/vakansii/menedzher-po-prodazham-35262292.html;Менеджер по продажам;;;None
https://www.superjob.ru;https://www.superjob.ru/vakansii/menedzher-po-prodazham-34233820.html;Менеджер по продажам;75000;None;руб.
https://www.superjob.ru;https://www.superjob.ru/vakansii/menedzher-po-prodazham-35301788.html;Менеджер по продажам;;;None
https://www.superjob.ru;https://www.superjob.ru/vakansii/menedzher-po-prodazham-avtozapchastej-31964303.html;Менеджер по продажам автозапчастей;;;None
https://www.superjob.ru;https://www.superjob.ru/vakansii/menedzher-optovyh-prodazh-34627391.html;Менеджер оптовых продаж;35000;None;руб.
https://www.superjob.ru;https://www.superjob.ru/vakansii/territorialnyj-29970869.html;Территориальный/региональный менеджер по продаже загородной недвижимости;60000;None;руб.
https://www.superjob.ru;https://www.superjob.ru/vakansii/menedzher-po-prodazham-nedvizhimosti-35061835.html;Менеджер по продажам недвижимости;80000;None;руб.
https://www.superjob.ru;https://www.superjob.ru/vakansii/menedzher-po-prodazham-33902583.html;Менеджер по продажам / Продавец-консультант;48000;48000;руб.
https://www.superjob.ru;https://www.superjob.ru/vakansii/menedzher-po-prodazham-35251307.html;Менеджер по продажам;None;170000;руб.
https://www.superjob.ru;https://www.superjob.ru/vakansii/menedzher-po-prodazhe-nedvizhimosti-32393769.html;Менеджер по продаже недвижимости;40000;150000;руб.
https://www.superjob.ru;https://www.superjob.ru/vakansii/menedzher-po-prodazhe-zarplatnyh-proektov-35274409.html;Менеджер по продаже зарплатных проектов;44000;None;руб.
https://www.superjob.ru;https://www.superjob.ru/vakansii/menedzher-po-prodazham-35107011.html;Менеджер по продажам;50000;None;руб.
https://www.superjob.ru;https://www.superjob.ru/vakansii/menedzher-po-prodazham-35083969.html;Менеджер по продажам (складского оборудования, запасных частей, сервисных услуг);72000;90000;руб.
https://www.superjob.ru;https://www.superjob.ru/vakansii/menedzher-po-prodazham-32538544.html;Менеджер по продажам / Проект-менеджер / Менеджер Маркетпллейс;100000;None;руб.
https://www.superjob.ru;https://www.superjob.ru/vakansii/menedzher-po-prodazham-35300216.html;Менеджер по продажам;46000;None;руб.
https://www.superjob.ru;https://www.superjob.ru/vakansii/menedzher-po-optovym-prodazham-avtozapchastej-32597326.html;Менеджер по оптовым продажам автозапчастей;60000;None;руб.
https://www.superjob.ru;https://www.superjob.ru/vakansii/menedzher-po-prodazham-33404947.html;Менеджер по продажам;45000;None;руб.
https://www.superjob.ru;https://www.superjob.ru/vakansii/menedzher-po-prodazham-35056148.html;Менеджер по продажам;;;None
https://www.superjob.ru;https://www.superjob.ru/vakansii/menedzher-po-prodazham-35110886.html;Менеджер по продажам (без поиска клиентов);40000;50000;руб.
https://www.superjob.ru;https://www.superjob.ru/vakansii/menedzher-po-prodazham-33982621.html;Менеджер по продажам / Торговый представитель;40000;None;руб.
https://www.superjob.ru;https://www.superjob.ru/vakansii/rukovoditel-filiala-s-funkciej-menedzhera-po-prodazham-34310074.html;Руководитель филиала с функцией менеджера по продажам (Обособленное подразделение);150000;None;руб.
https://www.superjob.ru;https://www.superjob.ru/vakansii/menedzher-po-prodazham-polipropilenovyh-sistem-26720720.html;Менеджер по продажам полипропиленовых систем;40000;None;руб.
https://www.superjob.ru;https://www.superjob.ru/vakansii/zamerschik-konsultant-35052552.html;Замерщик-консультант / Выездной менеджер по продажам кухонной и корпусной мебели на заказ;80000;None;руб.
https://www.superjob.ru;https://www.superjob.ru/vakansii/menedzher-po-prodazham-32081666.html;Менеджер по продажам (DSA);;;None
https://www.superjob.ru;https://www.superjob.ru/vakansii/menedzher-po-prodazham-uslug-35110707.html;Менеджер по продажам услуг;None;120000;руб.
https://www.superjob.ru;https://www.superjob.ru/vakansii/menedzher-po-prodazham-karty-rassrochki-halva-35095163.html;Менеджер по продажам карты рассрочки Халва;60000;None;руб.
https://www.superjob.ru;https://www.superjob.ru/vakansii/menedzher-po-prodazham-34759468.html;Менеджер по продажам;40000;None;руб.
https://www.superjob.ru;https://www.superjob.ru/vakansii/menedzher-po-prodazham-29259011.html;Менеджер по продажам;40000;150000;руб.
https://www.superjob.ru;https://www.superjob.ru/vakansii/menedzher-po-prodazham-33882319.html;Менеджер по продажам;30000;None;руб.
https://www.superjob.ru;https://www.superjob.ru/vakansii/menedzher-po-prodazham-uslug-internet-provajdera-33386166.html;Менеджер по продажам услуг интернет-провайдера;45000;55000;руб.
https://www.superjob.ru;https://www.superjob.ru/vakansii/menedzher-po-prodazham-zhiloj-elitnoj-nedvizhimosti-32206927.html;Менеджер по продажам жилой элитной недвижимости (г. Сочи);150000;None;руб.
https://www.superjob.ru;https://www.superjob.ru/vakansii/menedzher-po-prodazham-35261114.html;Менеджер по продажам (металлорежущий инструмент);50000;None;руб.
https://www.superjob.ru;https://www.superjob.ru/vakansii/menedzher-po-prodazham-35061426.html;Менеджер по продажам (расходные материалы для печати);;;None
https://www.superjob.ru;https://www.superjob.ru/vakansii/finansovyj-konsultant-v-otdelenie-banka-35156695.html;Финансовый консультант в отделение банка / Менеджер по продажам / Специалист по работе с клиентами;45000;50000;руб.
https://www.superjob.ru;https://www.superjob.ru/vakansii/mladshij-menedzher-po-prodazham-35079656.html;Младший менеджер по продажам;40000;50000;руб.
https://www.superjob.ru;https://www.superjob.ru/vakansii/torgovyj-predstavitel-32263955.html;Торговый представитель (Менеджер по продажам);None;63600;руб.
https://www.superjob.ru;https://www.superjob.ru/vakansii/menedzher-po-prodazham-uslug-b2b-32222045.html;Менеджер по продажам услуг B2B;60000;None;руб.
https://www.superjob.ru;https://www.superjob.ru/vakansii/menedzher-po-prodazham-34926150.html;Менеджер по продажам;25000;None;руб.
https://www.superjob.ru;https://www.superjob.ru/vakansii/menedzher-otdela-prodazh-34021124.html;Менеджер отдела продаж;40000;None;руб.
https://www.superjob.ru;https://www.superjob.ru/vakansii/menedzher-po-prodazham-34089005.html;Менеджер по продажам;35000;None;руб.
https://www.superjob.ru;https://www.superjob.ru/vakansii/menedzher-po-prodazham-uslug-fizicheskoj-ohrany-35237217.html;Менеджер по продажам услуг физической охраны;None;80000;руб.
https://www.superjob.ru;https://www.superjob.ru/vakansii/menedzher-po-prodazham-35061236.html;Менеджер по продажам (автосвет и дополнительное обрудование);60000;None;руб.
https://www.superjob.ru;https://www.superjob.ru/vakansii/menedzher-po-logistike-31825858.html;Менеджер по логистике/ Продажам;;;None
https://www.superjob.ru;https://www.superjob.ru/vakansii/menedzher-po-prodazham-nedvizhimosti-35209855.html;Менеджер по продажам недвижимости;200000;250000;руб.
https://www.superjob.ru;https://www.superjob.ru/vakansii/menedzher-po-prodazham-35109913.html;Менеджер по продажам;50000;None;руб.
https://www.superjob.ru;https://www.superjob.ru/vakansii/inzhener-po-prodazham-34347909.html;Инженер по продажам /Менеджер по проектным продажам;;;None
https://www.superjob.ru;https://www.superjob.ru/vakansii/menedzher-po-prodazham-26103633.html;Менеджер по продажам;40000;None;руб.
https://www.superjob.ru;https://www.superjob.ru/vakansii/menedzher-konsultant-po-prodazhe-32428055.html;Менеджер-консультант по продаже;95000;None;руб.
https://www.superjob.ru;https://www.superjob.ru/vakansii/menedzher-po-soprovozhdeniyu-prodazh-zapchastej-35079577.html;Менеджер по сопровождению продаж запчастей;40000;50000;руб.
https://www.superjob.ru;https://www.superjob.ru/vakansii/menedzher-po-optovym-prodazham-35236903.html;Менеджер по оптовым продажам;None;115000;руб.
https://www.superjob.ru;https://www.superjob.ru/vakansii/rieltor-12214113.html;Риелтор / Менеджер по продаже недвижимости / Агент по недвижимости;;;None
https://www.superjob.ru;https://www.superjob.ru/vakansii/smetchik-34312297.html;Сметчик / Менеджер по продаже ремонтных услуг;100000;None;руб.
https://www.superjob.ru;https://www.superjob.ru/vakansii/menedzher-po-prodazham-33141698.html;Менеджер по продажам, торговый представитель (на выделенную территорию);50000;None;руб.
https://www.superjob.ru;https://www.superjob.ru/vakansii/menedzher-po-prodazham-11260378.html;Менеджер по продажам;60000;None;руб.
https://www.superjob.ru;https://www.superjob.ru/vakansii/menedzher-po-prodazham-35297231.html;Менеджер по продажам (GSM-сетей);;;None
https://www.superjob.ru;https://www.superjob.ru/vakansii/menedzher-po-strahovaniyu-i-kreditovaniyu-avtomobilej-35041972.html;Менеджер по страхованию и кредитованию автомобилей (г. Зеленоград);100000;None;руб.
https://www.superjob.ru;https://www.superjob.ru/vakansii/menedzher-po-prodazham-avtozapchastej-32143333.html;Менеджер по продажам автозапчастей;50000;None;руб.
https://www.superjob.ru;https://www.superjob.ru/vakansii/menedzher-po-prodazham-i-razvitiyu-dilerskoj-seti-26680424.html;Менеджер по продажам и развитию дилерской сети;70000;None;руб.
https://www.superjob.ru;https://www.superjob.ru/vakansii/menedzher-po-prodazham-31751041.html;Менеджер по продажам;30000;None;руб.
https://www.superjob.ru;https://www.superjob.ru/vakansii/menedzher-po-prodazham-35060377.html;Менеджер по продажам, специалист по продажам;50000;None;руб.
https://www.superjob.ru;https://www.superjob.ru/vakansii/menedzher-proektnyh-prodazh-29512930.html;Менеджер проектных продаж (наружные инженерные сети водоснабжения и водоотведения);120000;150000;руб.
https://www.superjob.ru;https://www.superjob.ru/vakansii/menedzher-po-prodazham-35058856.html;Менеджер по продажам (автосвет и дополнительное оборудование);50000;None;руб.
https://www.superjob.ru;https://www.superjob.ru/vakansii/menedzher-po-prodazham-promyshlennogo-oborudovaniya-35233217.html;Менеджер по продажам промышленного оборудования;;;None
https://www.superjob.ru;https://www.superjob.ru/vakansii/menedzher-po-prodazham-34972695.html;Менеджер по продажам (в офис продаж);40000;None;руб.
https://www.superjob.ru;https://www.superjob.ru/vakansii/menedzher-po-prodazhe-b2b-33937984.html;Менеджер по продаже B2B;160000;None;руб.
https://www.superjob.ru;https://www.superjob.ru/vakansii/menedzher-po-prodazham-35053438.html;Менеджер по продажам;50000;None;руб.
https://www.superjob.ru;https://www.superjob.ru/vakansii/menedzher-po-prodazham-32766777.html;Менеджер по продажам / Стажер;120000;180000;руб.
https://www.superjob.ru;https://www.superjob.ru/vakansii/menedzher-po-prodazham-32406660.html;Менеджер по продажам;85000;None;руб.
https://www.superjob.ru;https://www.superjob.ru/vakansii/menedzher-po-prodazham-uslug-banka-35005659.html;Менеджер по продажам услуг банка;40000;None;руб.
https://www.superjob.ru;https://www.superjob.ru/vakansii/menedzher-po-podboru-i-prodazhe-avtozapchastej-31183926.html;Менеджер по подбору и продаже автозапчастей;45000;None;руб.
https://www.superjob.ru;https://www.superjob.ru/vakansii/menedzher-po-prodazham-35053152.html;Менеджер по продажам;55000;None;руб.
https://www.superjob.ru;https://www.superjob.ru/vakansii/menedzher-po-razvitiyu-prodazh-35059835.html;Менеджер по развитию продаж;60000;70000;руб.
https://www.superjob.ru;https://www.superjob.ru/vakansii/menedzher-aktivnyh-prodazh-35226287.html;Менеджер активных продаж;70000;None;руб.
https://www.superjob.ru;https://www.superjob.ru/vakansii/menedzher-otdela-prodazh-35296090.html;Менеджер отдела продаж;;;None
https://www.superjob.ru;https://www.superjob.ru/vakansii/menedzher-aktivnyh-prodazh-33463264.html;Менеджер активных продаж;50000;None;руб.
https://www.superjob.ru;https://www.superjob.ru/vakansii/menedzher-po-prodazham-33982790.html;Менеджер по продажам / Торговый представитель;40000;None;руб.
https://www.superjob.ru;https://www.superjob.ru/vakansii/menedzher-po-prodazham-35270508.html;Менеджер по продажам;None;80000;руб.
https://www.superjob.ru;https://www.superjob.ru/vakansii/menedzher-otdela-prodazh-35231380.html;Менеджер отдела продаж (обучение / оклад);51000;None;руб.
https://www.superjob.ru;https://www.superjob.ru/vakansii/menedzher-aktivnyh-prodazh-35278043.html;Менеджер активных продаж;50000;None;руб.
https://www.superjob.ru;https://www.superjob.ru/vakansii/menedzher-po-prodazham-35247585.html;Менеджер по продажам;None;50000;руб.
https://www.superjob.ru;https://www.superjob.ru/vakansii/menedzher-po-prodazham-derevoobrabatyvayuschego-oborudovaniya-35052403.html;Менеджер по продажам деревообрабатывающего оборудования;;;None
https://www.superjob.ru;https://www.superjob.ru/vakansii/menedzher-po-prodazham-avtozapchastej-35052577.html;Менеджер по продажам автозапчастей;40000;None;руб.
https://www.superjob.ru;https://www.superjob.ru/vakansii/menedzher-po-prodazham-avtozapchastej-34758581.html;Менеджер по продажам автозапчастей;None;90000;руб.
https://www.superjob.ru;https://www.superjob.ru/vakansii/menedzher-po-prodazham-nedvizhimosti-35230845.html;Менеджер по продажам недвижимости (пр. Октября);58000;None;руб.
https://www.superjob.ru;https://www.superjob.ru/vakansii/menedzher-po-prodazhe-zapasnyh-chastej-33664212.html;Менеджер по продаже запасных частей;;;None
https://www.superjob.ru;https://www.superjob.ru/vakansii/menedzher-po-prodazham-zapasnyh-chastej-11178541.html;Менеджер по продажам запасных частей;50000;None;руб.
https://www.superjob.ru;https://www.superjob.ru/vakansii/menedzher-po-prodazham-zapasnyh-chastej-dst-i-spectehnika-33412570.html;Менеджер по продажам запасных частей ДСТ и спецтехника;50000;None;руб.
https://www.superjob.ru;https://www.superjob.ru/vakansii/pomoschnik-menedzhera-po-prodazham-32408140.html;Помощник менеджера по продажам;40000;150000;руб.
https://www.superjob.ru;https://www.superjob.ru/vakansii/menedzher-po-prodazham-35110889.html;Менеджер по продажам / Торговый представитель (г. Иваново);40000;None;руб.
https://www.superjob.ru;https://www.superjob.ru/vakansii/menedzher-po-prodazham-specodezhdy-federalnuyu-kompaniyu-29295406.html;Менеджер по продажам спецодежды федеральную компанию;50000;None;руб.
https://www.superjob.ru;https://www.superjob.ru/vakansii/menedzher-aktivnyh-prodazh-transportnyh-uslug-29231155.html;Менеджер активных продаж транспортных услуг;;;None
https://www.superjob.ru;https://www.superjob.ru/vakansii/menedzher-po-prodazham-35295230.html;Менеджер по продажам;60000;None;руб.
https://www.superjob.ru;https://www.superjob.ru/vakansii/menedzher-po-prodazham-nedvizhimosti-30520423.html;Менеджер по продажам недвижимости (загородная недвижимость, Байкальский тракт);80000;None;руб.
https://www.superjob.ru;https://www.superjob.ru/vakansii/menedzher-aktivnyh-prodazh-34118958.html;Менеджер активных продаж (новое направление HoReCa);;;None
https://www.superjob.ru;https://www.superjob.ru/vakansii/menedzher-aktivnyh-prodazh-33413373.html;Менеджер активных продаж;60000;None;руб.
https://www.superjob.ru;https://www.superjob.ru/vakansii/menedzher-po-prodazhe-zapasnyh-chastej-34300024.html;Менеджер по продаже запасных частей;35000;None;руб.
https://www.superjob.ru;https://www.superjob.ru/vakansii/menedzher-po-prodazham-28424861.html;Менеджер по продажам / Менеджер по работе с клиентами;40000;None;руб.
https://www.superjob.ru;https://www.superjob.ru/vakansii/menedzher-prodazh-podryadnym-organizaciyam-28608998.html;Менеджер продаж подрядным организациям;40000;None;руб.
https://www.superjob.ru;https://www.superjob.ru/vakansii/menedzher-po-prodazham-33986729.html;Менеджер по продажам;60000;None;руб.
https://www.superjob.ru;https://www.superjob.ru/vakansii/menedzher-aktivnyh-prodazh-26904009.html;Менеджер активных продаж;30000;None;руб.
https://www.superjob.ru;https://www.superjob.ru/vakansii/menedzher-po-prodazham-35051754.html;Менеджер по продажам (B2B);;;None
https://www.superjob.ru;https://www.superjob.ru/vakansii/menedzher-po-prodazham-bytovoj-tehniki-35065812.html;Менеджер по продажам бытовой техники, рециркуляторов воздуха;40000;60000;руб.
https://www.superjob.ru;https://www.superjob.ru/vakansii/menedzher-optovyh-prodazh-35160499.html;Менеджер оптовых продаж;;;None
https://www.superjob.ru;https://www.superjob.ru/vakansii/menedzher-po-prodazham-gsm-35103977.html;Менеджер по продажам ГСМ /автозапчастей;70000;None;руб.
https://www.superjob.ru;https://www.superjob.ru/vakansii/menedzher-po-prodazhe-avtozapchastej-35294421.html;Менеджер по продаже автозапчастей;40000;50000;руб.
https://www.superjob.ru;https://www.superjob.ru/vakansii/menedzher-po-prodazham-35144610.html;Менеджер по продажам / Замерщик;80000;None;руб.
https://www.superjob.ru;https://www.superjob.ru/vakansii/menedzher-po-prodazham-34607404.html;Менеджер по продажам;;;None
https://www.superjob.ru;https://www.superjob.ru/vakansii/pomoschnik-menedzhera-po-prodazham-32429844.html;Помощник менеджера по продажам;40000;150000;руб.
https://www.superjob.ru;https://www.superjob.ru/vakansii/menedzher-po-prodazham-transportnyh-uslug-34287974.html;Менеджер по продажам транспортных услуг;50000;None;руб.
https://www.superjob.ru;https://www.superjob.ru/vakansii/menedzher-v-otdel-prodazh-28352266.html;Менеджер в отдел продаж (новостройки);80000;None;руб.
https://www.superjob.ru;https://www.superjob.ru/vakansii/menedzher-po-optovym-prodazham-27927376.html;Менеджер по оптовым продажам (электротехническая группа товаров);30000;None;руб.
https://www.superjob.ru;https://www.superjob.ru/vakansii/territorialnyj-menedzher-po-prodazham-31871689.html;Территориальный менеджер по продажам / Менеджер по продажам;;;None
https://www.superjob.ru;https://www.superjob.ru/vakansii/torgovyj-predstavitel-31065084.html;Торговый представитель / Менеджер по продажам / КАМ (Молочная продукция);None;160000;руб.
https://www.superjob.ru;https://www.superjob.ru/vakansii/torgovyj-predstavitel-33480090.html;Торговый представитель / Менеджер по продажам;80000;None;руб.
https://www.superjob.ru;https://www.superjob.ru/vakansii/menedzher-po-prodazham-i-podboru-avtozapchastej-33996420.html;Менеджер по  продажам  и  подбору автозапчастей;40000;None;руб.
https://www.superjob.ru;https://www.superjob.ru/vakansii/menedzher-po-prodazham-32162401.html;Менеджер по продажам (судовая арматура);;;None
https://www.superjob.ru;https://www.superjob.ru/vakansii/menedzher-po-prodazham-gidravlicheskogo-oborudovaniya-35226235.html;Менеджер по продажам гидравлического оборудования;;;None
https://www.superjob.ru;https://www.superjob.ru/vakansii/menedzher-po-prodazham-35106582.html;Менеджер по продажам;None;100000;руб.
https://www.superjob.ru;https://www.superjob.ru/vakansii/menedzher-po-prodazham-zapasnyh-chastej-k-selskohozyajstvennoj-tehnike-33572683.html;Менеджер по продажам запасных частей к сельскохозяйственной технике;;;None
https://www.superjob.ru;https://www.superjob.ru/vakansii/menedzher-po-prodazham-35106455.html;Менеджер по продажам;;;None
https://www.superjob.ru;https://www.superjob.ru/vakansii/menedzher-po-prodazham-uslug-servisnogo-obsluzhivaniya-35143350.html;Менеджер по продажам услуг сервисного обслуживания, запчастей (восток МО);;;None
https://www.superjob.ru;https://www.superjob.ru/vakansii/regionalnyj-menedzher-po-prodazham-31430710.html;Региональный менеджер по продажам;50000;None;руб.
https://www.superjob.ru;https://www.superjob.ru/vakansii/menedzher-po-prodazham-35142859.html;Менеджер по продажам;;;None
https://www.superjob.ru;https://www.superjob.ru/vakansii/menedzher-aktivnyh-prodazh-31548650.html;Менеджер активных продаж (электротехническая продукция);40000;None;руб.
https://www.superjob.ru;https://www.superjob.ru/vakansii/menedzher-po-prodazham-s-agronomicheskim-obrazovaniem-35291362.html;Менеджер по продажам с агрономическим образованием;;;None
https://www.superjob.ru;https://www.superjob.ru/vakansii/menedzher-po-prodazham-34359599.html;Менеджер по продажам / Технический специалист;80000;100000;руб.
https://www.superjob.ru;https://www.superjob.ru/vakansii/menedzher-po-prodazham-35054034.html;Менеджер по продажам;;;None
https://www.superjob.ru;https://www.superjob.ru/vakansii/menedzher-po-rabote-s-klientami-32428208.html;Менеджер по работе с клиентами / Менеджер по продажам;95000;None;руб.
https://www.superjob.ru;https://www.superjob.ru/vakansii/regionalnyj-menedzher-po-prodazham-31430705.html;Региональный менеджер по продажам;50000;None;руб.
https://www.superjob.ru;https://www.superjob.ru/vakansii/menedzher-po-prodazham-uslug-35291052.html;Менеджер по продажам услуг;60000;None;руб.
https://www.superjob.ru;https://www.superjob.ru/vakansii/menedzher-po-prodazhe-zapchastej-gruzovogo-transporta-35222481.html;Менеджер по продаже запчастей грузового транспорта;30000;None;руб.
https://www.superjob.ru;https://www.superjob.ru/vakansii/menedzher-po-prodazham-finansovyh-uslug-dilerskogo-centra-renault-34979844.html;Менеджер по продажам финансовых услуг дилерского центра Renault;None;80000;руб.
https://www.superjob.ru;https://www.superjob.ru/vakansii/menedzher-po-prodazham-35290636.html;Менеджер по продажам;60000;None;руб.
https://www.superjob.ru;https://www.superjob.ru/vakansii/menedzher-internet-magazina-po-prodazham-zapchastej-33547366.html;Менеджер интернет-магазина по продажам запчастей;30000;None;руб.
https://www.superjob.ru;https://www.superjob.ru/vakansii/menedzher-proektnyh-prodazh-30556262.html;Менеджер проектных продаж;60000;None;руб.
https://www.superjob.ru;https://www.superjob.ru/vakansii/menedzher-po-prodazham-12148072.html;Менеджер по продажам;30500;None;руб.
https://www.superjob.ru;https://www.superjob.ru/vakansii/menedzher-po-prodazham-31579874.html;Менеджер по продажам;40000;None;руб.
https://www.superjob.ru;https://www.superjob.ru/vakansii/menedzher-po-prodazham-35140736.html;Менеджер по продажам;50000;None;руб.
https://www.superjob.ru;https://www.superjob.ru/vakansii/territorialnyj-menedzher-po-razvitiyu-prodazh-34584584.html;Территориальный менеджер по развитию продаж;;;None
https://www.superjob.ru;https://www.superjob.ru/vakansii/menedzher-otdela-prodazh-32443489.html;Менеджер отдела продаж;70000;None;руб.
https://www.superjob.ru;https://www.superjob.ru/vakansii/menedzher-po-prodazham-34254735.html;Менеджер по продажам;80000;None;руб.
https://www.superjob.ru;https://www.superjob.ru/vakansii/menedzher-po-prodazham-35102511.html;Менеджер по продажам;None;170000;руб.
https://www.superjob.ru;https://www.superjob.ru/vakansii/menedzher-po-prodazham-gsm-35288853.html;Менеджер по продажам ГСМ;25000;None;руб.
https://www.superjob.ru;https://www.superjob.ru/vakansii/menedzher-mezhdunarodnyh-prodazh-v-socialnyh-setyah-29646800.html;Менеджер международных продаж в социальных сетях;65000;80000;руб.
https://www.superjob.ru;https://www.superjob.ru/vakansii/menedzher-po-prodazham-35036615.html;Менеджер по продажам;;;None
https://www.superjob.ru;https://www.superjob.ru/vakansii/territorialnyj-menedzher-po-prodazham-35288258.html;Территориальный менеджер по продажам (супервайзер);66700;None;руб.
https://www.superjob.ru;https://www.superjob.ru/vakansii/menedzher-po-prodazham-nedvizhimosti-33449611.html;Менеджер по продажам недвижимости;200000;None;руб.
https://www.superjob.ru;https://www.superjob.ru/vakansii/menedzher-po-prodazham-selskohozyajstvennoj-tehniki-11706217.html;Менеджер по продажам сельскохозяйственной техники;;;None
https://www.superjob.ru;https://www.superjob.ru/vakansii/menedzher-po-prodazham-szr-32898709.html;Менеджер по продажам СЗР / Торговый представитель;50000;None;руб.
https://www.superjob.ru;https://www.superjob.ru/vakansii/menedzher-po-prodazham-32232599.html;Менеджер по продажам;;;None
https://www.superjob.ru;https://www.superjob.ru/vakansii/menedzher-telefonnyh-prodazh-35155063.html;Менеджер телефонных продаж;60000;None;руб.
https://www.superjob.ru;https://www.superjob.ru/vakansii/menedzher-po-prodazham-zapchastej-28988776.html;Менеджер по продажам запчастей;45000;None;руб.
https://www.superjob.ru;https://www.superjob.ru/vakansii/menedzher-po-prodazham-avtozapchastej-29818752.html;Менеджер по продажам автозапчастей;None;80000;руб.
https://www.superjob.ru;https://www.superjob.ru/vakansii/menedzher-otdela-prodazh-30863758.html;Менеджер отдела продаж, торговый представитель;;;None
https://www.superjob.ru;https://www.superjob.ru/vakansii/menedzher-optovyh-prodazh-30112241.html;Менеджер оптовых продаж;;;None
https://www.superjob.ru;https://www.superjob.ru/vakansii/menedzher-po-prodazham-tehnologicheskih-cepej-dlya-promyshlennogo-oborudovaniya-35055595.html;Менеджер по продажам технологических цепей для промышленного оборудования;;;None
https://www.superjob.ru;https://www.superjob.ru/vakansii/menedzher-po-b2b-prodazham-35285448.html;Менеджер по B2B-продажам;42000;50000;руб.
https://www.superjob.ru;https://www.superjob.ru/vakansii/menedzher-po-prodazham-34136280.html;Менеджер по продажам/ по работе с клиентами;70000;None;руб.
https://www.superjob.ru;https://www.superjob.ru/vakansii/menedzher-po-prodazham-35190430.html;Менеджер по продажам (в сфере страхования транспортных перевозок);None;80000;руб.
https://www.superjob.ru;https://www.superjob.ru/vakansii/menedzher-otdela-prodazh-gruzovogo-transporta-i-spectehniki-35099732.html;Менеджер отдела продаж грузового транспорта и спецтехники;50000;None;руб.
https://www.superjob.ru;https://www.superjob.ru/vakansii/menedzher-proektnyh-prodazh-34823066.html;Менеджер проектных продаж (наружные инженерные сети водоснабжения и водоотведения);50000;None;руб.
https://www.superjob.ru;https://www.superjob.ru/vakansii/regionalnyj-menedzher-po-prodazham-35122201.html;Региональный менеджер по продажам;;;None
https://www.superjob.ru;https://www.superjob.ru/vakansii/menedzher-po-optovym-prodazham-35106404.html;Менеджер по оптовым продажам;;;None
https://www.superjob.ru;https://www.superjob.ru/vakansii/menedzher-po-prodazham-34567049.html;Менеджер по продажам;;;None
https://www.superjob.ru;https://www.superjob.ru/vakansii/torgovyj-predstavitel-30769417.html;Торговый представитель / Менеджер по продажам оборудования;100000;None;руб.
https://www.superjob.ru;https://www.superjob.ru/vakansii/menedzher-otdela-prodazh-35284836.html;Менеджер отдела продаж;;;None
https://www.superjob.ru;https://www.superjob.ru/vakansii/menedzher-po-prodazham-veterinarnyh-preparatov-32615347.html;Менеджер по продажам ветеринарных препаратов;;;None
https://www.superjob.ru;https://www.superjob.ru/vakansii/menedzher-po-proektnym-prodazham-35284692.html;Менеджер по проектным продажам;150000;170000;руб.
https://www.superjob.ru;https://www.superjob.ru/vakansii/menedzher-po-prodazham-v2v-31794921.html;Менеджер по продажам В2В;;;None
https://www.superjob.ru;https://www.superjob.ru/vakansii/menedzher-po-vykupu-avtomobilej-s-probegom-35284588.html;Менеджер по выкупу автомобилей с пробегом;100000;None;руб.
https://www.superjob.ru;https://www.superjob.ru/vakansii/menedzher-po-prodazham-35097506.html;Менеджер по продажам (мебельная мастерская);80000;None;руб.
https://www.superjob.ru;https://www.superjob.ru/vakansii/menedzher-aktivnyh-prodazh-34469790.html;Менеджер активных продаж;23000;None;руб.
https://www.superjob.ru;https://www.superjob.ru/vakansii/menedzher-po-prodazham-v-chishmah-35143348.html;Менеджер по продажам в Чишмах;;;None
https://www.superjob.ru;https://www.superjob.ru/vakansii/menedzher-po-prodazham-35126408.html;Менеджер по продажам (немецкая техника Керхер);50000;None;руб.
https://www.superjob.ru;https://www.superjob.ru/vakansii/menedzher-po-prodazham-35142933.html;Менеджер по продажам;;;None
https://www.superjob.ru;https://www.superjob.ru/vakansii/menedzher-po-prodazham-b2b-30761465.html;Менеджер по продажам b2b;50000;60000;руб.
https://www.superjob.ru;https://www.superjob.ru/vakansii/menedzher-po-optovym-prodazham-34408301.html;Менеджер по оптовым продажам;50000;None;руб.
https://www.superjob.ru;https://www.superjob.ru/vakansii/menedzher-po-prodazhe-avtozapchastej-35094641.html;Менеджер по продаже автозапчастей;55000;65000;руб.
https://www.superjob.ru;https://www.superjob.ru/vakansii/menedzher-po-prodazham-medicinskih-izdelij-25006982.html;Менеджер по продажам медицинских изделий;;;None
https://www.superjob.ru;https://www.superjob.ru/vakansii/menedzher-po-prodazham-35119684.html;Менеджер по продажам;76000;95000;руб.
https://www.superjob.ru;https://www.superjob.ru/vakansii/menedzher-po-prodazhe-termoplavkogo-kleya-34008494.html;Менеджер по продаже термоплавкого клея (сырье);55000;None;руб.
https://www.superjob.ru;https://www.superjob.ru/vakansii/territorialnyj-menedzher-po-prodazham-25458282.html;Территориальный менеджер по продажам;65000;80000;руб.
https://www.superjob.ru;https://www.superjob.ru/vakansii/menedzher-po-prodazham-35280792.html;Менеджер по продажам;;;None
https://www.superjob.ru;https://www.superjob.ru/vakansii/menedzher-po-prodazham-35141810.html;Менеджер по продажам;60000;None;руб.
https://www.superjob.ru;https://www.superjob.ru/vakansii/menedzher-po-prodazham-avtoshin-35210179.html;Менеджер по продажам автошин;35000;None;руб.
https://www.superjob.ru;https://www.superjob.ru/vakansii/menedzher-po-prodazham-35117995.html;Менеджер по продажам;70000;None;руб.
https://www.superjob.ru;https://www.superjob.ru/vakansii/rukovoditel-proektov-35141103.html;Руководитель проектов / Менеджер по продажам;None;200000;руб.
https://www.superjob.ru;https://www.superjob.ru/vakansii/menedzher-po-prodazham-zagorodnoj-elitnoj-nedvizhimosti-28546057.html;Менеджер по продажам загородной элитной недвижимости;75000;90000;руб.
https://www.superjob.ru;https://www.superjob.ru/vakansii/veduschij-menedzher-otdela-aktivnyh-prodazh-34644398.html;Ведущий менеджер отдела активных продаж;;;None
https://www.superjob.ru;https://www.superjob.ru/vakansii/menedzher-po-prodazham-34298999.html;Менеджер по продажам (консультант по работе с заводчиками);None;96000;руб.
https://www.superjob.ru;https://www.superjob.ru/vakansii/menedzher-po-prodazham-35169291.html;Менеджер по продажам;30000;None;руб.
https://www.superjob.ru;https://www.superjob.ru/vakansii/menedzher-po-prodazham-30324726.html;Менеджер по продажам (г. Рыбное);;;None
https://www.superjob.ru;https://www.superjob.ru/vakansii/menedzher-po-optovym-prodazham-30745793.html;Менеджер по оптовым продажам;50000;None;руб.
https://www.superjob.ru;https://www.superjob.ru/vakansii/menedzher-korporativnyh-prodazh-34379297.html;Менеджер корпоративных продаж;30000;35000;руб.
https://www.superjob.ru;https://www.superjob.ru/vakansii/menedzher-po-prodazham-35089914.html;Менеджер по продажам;35000;None;руб.
https://www.superjob.ru;https://www.superjob.ru/vakansii/menedzher-departamenta-proektnyh-prodazh-32710765.html;Менеджер департамента проектных продаж;80000;None;руб.
https://www.superjob.ru;https://www.superjob.ru/vakansii/menedzher-po-prodazham-31859095.html;Менеджер по продажам;;;None
https://www.superjob.ru;https://www.superjob.ru/vakansii/menedzher-po-arende-oborudovaniya-35138855.html;Менеджер по аренде оборудования / Менеджер по продажам;30000;None;руб.
https://www.superjob.ru;https://www.superjob.ru/vakansii/menedzher-po-prodazham-otopitelnogo-inzhenernogo-oborudovaniya-35088390.html;Менеджер по продажам отопительного инженерного оборудования;60000;None;руб.
https://www.superjob.ru;https://www.superjob.ru/vakansii/menedzher-po-prodazham-29621902.html;Менеджер по продажам;50000;None;руб.
https://www.superjob.ru;https://www.superjob.ru/vakansii/torgovyj-predstavitel-34204013.html;Торговый представитель / Менеджер по продажам;50000;None;руб.
https://www.superjob.ru;https://www.superjob.ru/vakansii/specialist-otdela-prodazh-31169584.html;Специалист отдела продаж (без поиска) / Менеджер по работе с клиентами;;;None
https://www.superjob.ru;https://www.superjob.ru/vakansii/menedzher-po-prodazham-oborudovaniya-vodopodgotovki-35083593.html;Менеджер по продажам оборудования водоподготовки;;;None
https://www.superjob.ru;https://www.superjob.ru/vakansii/menedzher-po-prodazham-zapasnyh-chastej-31309007.html;Менеджер по продажам запасных частей;;;None
https://www.superjob.ru;https://www.superjob.ru/vakansii/menedzher-po-prodazham-34714701.html;Менеджер по продажам;55000;65000;руб.
https://www.superjob.ru;https://www.superjob.ru/vakansii/menedzher-po-prodazham-31930492.html;Менеджер по продажам, менеджер объектных продаж;100000;120000;руб.
https://www.superjob.ru;https://www.superjob.ru/vakansii/menedzher-po-prodazham-avtozapchastej-35111422.html;Менеджер по продажам автозапчастей;40000;None;руб.
https://www.superjob.ru;https://www.superjob.ru/vakansii/menedzher-otdela-prodazh-31169589.html;Менеджер отдела продаж;25000;40000;руб.
https://www.superjob.ru;https://www.superjob.ru/vakansii/menedzher-po-prodazham-28488628.html;Менеджер по продажам;50000;None;руб.
https://www.superjob.ru;https://www.superjob.ru/vakansii/menedzher-po-prodazham-izdelij-pvh-33058993.html;Менеджер по продажам изделий ПВХ, алюминия, дерево;50000;None;руб.
https://www.superjob.ru;https://www.superjob.ru/vakansii/menedzher-po-prodazham-25816422.html;Менеджер по продажам (кондитерские изделия / сети);45000;None;руб.
https://www.superjob.ru;https://www.superjob.ru/vakansii/menedzher-po-prodazham-32494931.html;Менеджер по продажам;40000;None;руб.
https://www.superjob.ru;https://www.superjob.ru/vakansii/regionalnyj-menedzher-po-prodazham-34965816.html;Региональный менеджер по продажам;50000;None;руб.
https://www.superjob.ru;https://www.superjob.ru/vakansii/menedzher-po-prodazham-35079185.html;Менеджер по продажам;45000;50000;руб.
https://www.superjob.ru;https://www.superjob.ru/vakansii/menedzher-po-prodazham-28633289.html;Менеджер по продажам;None;100000;руб.
https://www.superjob.ru;https://www.superjob.ru/vakansii/menedzher-po-prodazham-skladskoj-tehniki-35201485.html;Менеджер по продажам складской техники;50000;None;руб.
https://www.superjob.ru;https://www.superjob.ru/vakansii/menedzher-po-optovym-prodazham-35201176.html;Менеджер по оптовым продажам;;;None
https://www.superjob.ru;https://www.superjob.ru/vakansii/menedzher-po-prodazham-avtozapchastej-35076958.html;Менеджер по продажам автозапчастей;60000;70000;руб.
https://www.superjob.ru;https://www.superjob.ru/vakansii/menedzher-po-prodazham-32324773.html;Менеджер по продажам (строительный материал);40000;None;руб.
https://www.superjob.ru;https://www.superjob.ru/vakansii/menedzher-po-prodazham-32554106.html;Менеджер по продажам;50000;60000;руб.
https://www.superjob.ru;https://www.superjob.ru/vakansii/menedzher-po-prodazham-avtozapchastej-35078162.html;Менеджер по продажам автозапчастей;50000;None;руб.
https://www.superjob.ru;https://www.superjob.ru/vakansii/regionalnyj-menedzher-po-prodazham-35111074.html;Региональный менеджер по продажам;70000;None;руб.
https://www.superjob.ru;https://www.superjob.ru/vakansii/menedzher-optovyh-prodazh-35077034.html;Менеджер оптовых продаж;40000;None;руб.
https://www.superjob.ru;https://www.superjob.ru/vakansii/menedzher-po-prodazham-35197244.html;Менеджер по продажам;45000;None;руб.
https://www.superjob.ru;https://www.superjob.ru/vakansii/menedzher-po-prodazham-33996610.html;Менеджер по продажам;40000;None;руб.
https://www.superjob.ru;https://www.superjob.ru/vakansii/menedzher-pryamyh-prodazh-34189923.html;Менеджер прямых продаж;28800;28800;руб.
https://www.superjob.ru;https://www.superjob.ru/vakansii/menedzher-po-prodazham-po-napravleniyu-krs-35076133.html;Менеджер по продажам по направлению КРС (Уральский ФО);;;None
https://www.superjob.ru;https://www.superjob.ru/vakansii/menedzher-po-prodazham-elektrooborudovaniya-31926298.html;Менеджер по продажам электрооборудования;35000;None;руб.
https://www.superjob.ru;https://www.superjob.ru/vakansii/menedzher-otdela-prodazh-industrialnyh-masel-32587048.html;Менеджер отдела продаж индустриальных масел;30000;None;руб.
https://www.superjob.ru;https://www.superjob.ru/vakansii/menedzher-aktivnyh-prodazh-35269524.html;Менеджер активных продаж;;;None
https://www.superjob.ru;https://www.superjob.ru/vakansii/menedzher-po-prodazham-31849259.html;Менеджер по продажам, специалист отдела продаж;50000;None;руб.
https://www.superjob.ru;https://www.superjob.ru/vakansii/menedzher-po-prodazham-32131652.html;Менеджер по продажам/торговый представитель;;;None
https://www.superjob.ru;https://www.superjob.ru/vakansii/menedzher-po-prodazhe-zapasnyh-chastej-ponsse-30159172.html;Менеджер по продаже запасных частей Ponsse;35000;None;руб.
https://www.superjob.ru;https://www.superjob.ru/vakansii/menedzher-aktivnyh-prodazh-34801946.html;Менеджер активных продаж;60000;None;руб.
https://www.superjob.ru;https://www.superjob.ru/vakansii/menedzher-po-prodazham-35185618.html;Менеджер по продажам;None;100000;руб.
https://www.superjob.ru;https://www.superjob.ru/vakansii/menedzher-po-prodazham-34759819.html;Менеджер по продажам;;;None
https://www.superjob.ru;https://www.superjob.ru/vakansii/menedzher-po-prodazham-elektromontazhnyh-uslug-35035654.html;Менеджер по продажам электромонтажных услуг;None;150000;руб.
https://www.superjob.ru;https://www.superjob.ru/vakansii/torgovyj-predstavitel-menedzher-po-prodazham-v-sao-33872370.html;Торговый представитель менеджер по продажам в САО, СВАО г. Москвы и МО;65000;70000;руб.
https://www.superjob.ru;https://www.superjob.ru/vakansii/menedzher-aktivnyh-prodazh-stroitelnyh-materialov-34961738.html;Менеджер активных продаж строительных материалов;50000;None;руб.
https://www.superjob.ru;https://www.superjob.ru/vakansii/menedzher-roznichnyh-prodazh-26515978.html;Менеджер розничных продаж;40000;45000;руб.
https://www.superjob.ru;https://www.superjob.ru/vakansii/menedzher-proektnyh-prodazh-33393684.html;Менеджер проектных продаж (строительные объекты);;;None
https://www.superjob.ru;https://www.superjob.ru/vakansii/menedzher-po-prodazham-33854574.html;Менеджер по продажам;65000;65000;руб.
https://www.superjob.ru;https://www.superjob.ru/vakansii/menedzher-po-prodazham-35067100.html;Менеджер по продажам;;;None
https://www.superjob.ru;https://www.superjob.ru/vakansii/menedzher-po-prodazham-33801041.html;Менеджер по продажам;None;70000;руб.
https://www.superjob.ru;https://www.superjob.ru/vakansii/menedzher-po-prodazham-34679764.html;Менеджер по продажам;40000;None;руб.
https://www.superjob.ru;https://www.superjob.ru/vakansii/menedzher-po-prodazham-avtozapchastej-34375692.html;Менеджер по продажам автозапчастей;30000;None;руб.
https://www.superjob.ru;https://www.superjob.ru/vakansii/menedzher-po-prodazham-v-optovyj-otdel-34780290.html;Менеджер по продажам в оптовый отдел;80000;None;руб.
https://www.superjob.ru;https://www.superjob.ru/vakansii/regionalnyj-menedzher-po-prodazham-34510693.html;Региональный менеджер по продажам;;;None
https://www.superjob.ru;https://www.superjob.ru/vakansii/menedzher-po-prodazham-dopolnitelnogo-oborudovaniya-v-avtocentr-30645082.html;Менеджер по продажам дополнительного оборудования в автоцентр;70000;None;руб.
https://www.superjob.ru;https://www.superjob.ru/vakansii/menedzher-po-prodazham-avtozapchastej-dlya-inomarok-35064511.html;Менеджер по продажам автозапчастей для иномарок;35000;42000;руб.
https://www.superjob.ru;https://www.superjob.ru/vakansii/menedzher-po-prodazham-napravleniya-horeca-33598012.html;Менеджер по продажам направления HoReCa;;;None
https://www.superjob.ru;https://www.superjob.ru/vakansii/menedzher-po-prodazhe-stroitelnyh-materialov-i-elektroinstrumenta-35260278.html;Менеджер по продаже строительных материалов и электроинструмента (в поля);40000;None;руб.
https://www.superjob.ru;https://www.superjob.ru/vakansii/menedzher-po-prodazham-avtozapchastej-34415409.html;Менеджер по продажам автозапчастей;None;150000;руб.
https://www.superjob.ru;https://www.superjob.ru/vakansii/prodavec-konsultant-33955022.html;Продавец-консультант, менеджер по продажам с 1С (в шоу-руме и интернет-магазине);50000;60000;руб.
https://www.superjob.ru;https://www.superjob.ru/vakansii/menedzher-po-prodazham-otdela-razvitiya-34593620.html;Менеджер по продажам отдела развития;50000;None;руб.
https://www.superjob.ru;https://www.superjob.ru/vakansii/telemarketolog-33424303.html;Телемаркетолог, оператор call-центра, менеджер по продажам услуг;30000;None;руб.
https://www.superjob.ru;https://www.superjob.ru/vakansii/menedzher-po-prodazham-metalloobrabatyvayuschego-oborudovaniya-35170313.html;Менеджер по продажам металлообрабатывающего оборудования, инструмента;55000;None;руб.
https://www.superjob.ru;https://www.superjob.ru/vakansii/menedzher-po-prodazham-stroitelnogo-oborudovaniya-33595817.html;Менеджер по продажам строительного оборудования;30000;None;руб.
https://www.superjob.ru;https://www.superjob.ru/vakansii/menedzher-po-prodazham-okon-pvh-31122462.html;Менеджер по продажам окон ПВХ (дилерский отдел);;;None
https://www.superjob.ru;https://www.superjob.ru/vakansii/menedzher-po-prodazham-34318679.html;Менеджер по продажам;35000;None;руб.
https://www.superjob.ru;https://www.superjob.ru/vakansii/menedzher-po-podboru-i-prodazhe-zapasnyh-chastej-31951044.html;Менеджер по подбору и продаже запасных частей;70000;70000;руб.
https://www.superjob.ru;https://www.superjob.ru/vakansii/menedzher-po-prodazham-35036224.html;Менеджер по продажам;60000;None;руб.
https://www.superjob.ru;https://www.superjob.ru/vakansii/menedzher-po-prodazhe-avtozapchastej-34761017.html;Менеджер по продаже автозапчастей;;;None
https://www.superjob.ru;https://www.superjob.ru/vakansii/menedzher-po-prodazham-35178283.html;Менеджер по продажам / Руководитель группы (ГСМ);;;None
https://www.superjob.ru;https://www.superjob.ru/vakansii/menedzher-po-prodazham-30091180.html;Менеджер по продажам;;;None
https://www.superjob.ru;https://www.superjob.ru/vakansii/menedzher-po-prodazham-33706081.html;Менеджер по продажам;40000;None;руб.
https://www.superjob.ru;https://www.superjob.ru/vakansii/menedzher-po-prodazham-35060323.html;Менеджер по продажам;50000;None;руб.
https://www.superjob.ru;https://www.superjob.ru/vakansii/menedzher-po-prodazham-uslug-klininga-i-ekspluatacii-inzhenernyh-sistem-34593082.html;Менеджер по продажам услуг клининга и эксплуатации инженерных систем;50000;None;руб.
https://www.superjob.ru;https://www.superjob.ru/vakansii/menedzher-po-prodazham-gsm-35259970.html;Менеджер по продажам ГСМ;25000;None;руб.
https://www.superjob.ru;https://www.superjob.ru/vakansii/menedzher-po-prodazham-35254400.html;Менеджер по продажам;;;None
https://www.superjob.ru;https://www.superjob.ru/vakansii/menedzher-po-razvitiyu-prodazh-i-rabote-s-klientami-v-agentstvo-nedvizhimosti-32314928.html;Менеджер по развитию продаж и работе с клиентами в агентство недвижимости;150000;260000;руб.
https://www.superjob.ru;https://www.superjob.ru/vakansii/menedzher-otdela-prodazh-33927646.html;Менеджер Отдела продаж (мебельная фурнитура);None;120000;руб.
https://www.superjob.ru;https://www.superjob.ru/vakansii/menedzher-po-prodazham-35061803.html;Менеджер по продажам;30000;None;руб.
https://www.superjob.ru;https://www.superjob.ru/vakansii/menedzher-po-prodazham-35174475.html;Менеджер по продажам (строительная химия);;;None
https://www.superjob.ru;https://www.superjob.ru/vakansii/menedzher-po-prodazhe-zagorodnoj-nedvizhimosti-11969193.html;Менеджер по продаже загородной недвижимости;50000;None;руб.
https://www.superjob.ru;https://www.superjob.ru/vakansii/menedzher-po-optovym-prodazham-33507651.html;Менеджер по оптовым продажам;80000;None;руб.
https://www.superjob.ru;https://www.superjob.ru/vakansii/menedzher-studii-detejlinga-12197692.html;Менеджер студии Детейлинга / Удалённый Менеджер по продажам;150000;180000;руб.
https://www.superjob.ru;https://www.superjob.ru/vakansii/menedzher-po-prodazham-35255213.html;Менеджер по продажам (светодиодной продукции);;;None
https://www.superjob.ru;https://www.superjob.ru/vakansii/merchendajzer-na-lichnom-avtomobile-35303940.html;Мерчендайзер на личном автомобиле;40800;None;руб.
https://www.superjob.ru;https://www.superjob.ru/vakansii/specialist-po-pryamym-prodazham-35107713.html;Специалист по прямым продажам;31300;None;руб.
https://www.superjob.ru;https://www.superjob.ru/vakansii/torgovyj-predstavitel-33349409.html;Торговый представитель (с личным автомобилем);35000;None;руб.
https://www.superjob.ru;https://www.superjob.ru/vakansii/torgovyj-predstavitel-s-lichnym-avtomobilem-35111616.html;Торговый представитель с личным автомобилем;60000;70000;руб.
https://www.superjob.ru;https://www.superjob.ru/vakansii/agent-po-prodazham-32405106.html;Агент по продажам;40000;150000;руб.
https://www.superjob.ru;https://www.superjob.ru/vakansii/torgovyj-predstavitel-s-lichnym-avtomobilem-29058522.html;Торговый представитель с личным автомобилем;32000;None;руб.
https://www.superjob.ru;https://www.superjob.ru/vakansii/nachalnik-otdela-roznichnyh-prodazh-35108975.html;Начальник отдела розничных продаж;;;None
https://www.superjob.ru;https://www.superjob.ru/vakansii/rukovoditel-ofisa-prodazh-35294811.html;Руководитель офиса продаж;150000;185000;руб.
https://www.superjob.ru;https://www.superjob.ru/vakansii/specialist-po-prodazham-31108507.html;Специалист по продажам / Специалист по работе с клиентами;70000;None;руб.
https://www.superjob.ru;https://www.superjob.ru/vakansii/predstavitel-kompanii-s-lichnym-avtomobilem-35111080.html;Представитель компании с личным автомобилем;60000;70000;руб.
https://www.superjob.ru;https://www.superjob.ru/vakansii/specialist-po-pryamym-prodazham-35225164.html;Специалист по прямым продажам;38000;None;руб.
https://www.superjob.ru;https://www.superjob.ru/vakansii/broker-v-otdele-prodazh-32440620.html;Брокер в отделе продаж;75000;None;руб.
https://www.superjob.ru;https://www.superjob.ru/vakansii/rukovoditel-otdela-prodazh-32648652.html;Руководитель отдела продаж / Специалист по недвижимости;180000;350000;руб.
https://www.superjob.ru;https://www.superjob.ru/vakansii/zamestitel-rukovoditelya-otdela-prodazh-34371660.html;Заместитель руководителя отдела продаж;70000;None;руб.
https://www.superjob.ru;https://www.superjob.ru/vakansii/rukovoditel-napravleniya-prodazh-35103755.html;Руководитель направления продаж;;;None
https://www.superjob.ru;https://www.superjob.ru/vakansii/rukovoditel-optovogo-regionalnogo-otdela-prodazh-35102939.html;Руководитель оптового регионального отдела продаж;;;None
https://www.superjob.ru;https://www.superjob.ru/vakansii/slesar-po-razborke-avtomobilej-32073980.html;Слесарь по разборке автомобилей (м. Старая деревня);35000;None;руб.
https://www.superjob.ru;https://www.superjob.ru/vakansii/rukovoditel-otdela-prodazh-34077436.html;Руководитель отдела продаж;70000;None;руб.
https://www.superjob.ru;https://www.superjob.ru/vakansii/rukovoditel-otdela-prodazh-35072391.html;Руководитель отдела продаж;40000;120000;руб.
https://www.superjob.ru;https://www.superjob.ru/vakansii/torgovyj-predstavitel-s-lichnym-avtomobilem-34955345.html;Торговый представитель с личным автомобилем;85000;None;руб.
https://www.superjob.ru;https://www.superjob.ru/vakansii/rukovoditel-dilerskogo-otdela-prodazh-okonnogo-zavoda-28409015.html;Руководитель дилерского отдела продаж оконного завода;;;None
https://www.superjob.ru;https://www.superjob.ru/vakansii/rukovoditel-otdela-prodazh-29215638.html;Руководитель отдела продаж, Руководитель коммерческого отделения (мебельная компания);80000;None;руб.
https://www.superjob.ru;https://www.superjob.ru/vakansii/rukovoditel-otdela-prodazh-11254169.html;Руководитель отдела продаж;90000;110000;руб.
https://www.superjob.ru;https://www.superjob.ru/vakansii/konsultant-po-prodazham-32414221.html;Консультант по продажам;90000;150000;руб.
https://www.superjob.ru;https://www.superjob.ru/vakansii/ekspert-po-prodazham-nedvizhimosti-32438661.html;Эксперт по продажам недвижимости;100000;None;руб.
https://www.superjob.ru;https://www.superjob.ru/vakansii/konsultant-po-prodazham-32766671.html;Консультант по продажам;120000;180000;руб.
https://www.superjob.ru;https://www.superjob.ru/vakansii/voditel-so-svoim-avtomobilem-27791471.html;Водитель со своим автомобилем (м. Бухарестская, Международная);40000;None;руб.
https://www.superjob.ru;https://www.superjob.ru/vakansii/menedzher-po-razvitiyu-34481254.html;Менеджер по развитию;;;None
https://www.superjob.ru;https://www.superjob.ru/vakansii/territorialnyj-menedzher-pochtovoj-seti-29769114.html;Территориальный менеджер почтовой сети;;;None
https://www.superjob.ru;https://www.superjob.ru/vakansii/menedzher-po-rabote-s-klientami-29325658.html;Менеджер по работе с клиентами;80000;None;руб.
https://www.superjob.ru;https://www.superjob.ru/vakansii/menedzher-sputnikovogo-tv-34409734.html;Менеджер спутникового ТВ;25000;None;руб.
https://www.superjob.ru;https://www.superjob.ru/vakansii/menedzher-it-proektov-35112042.html;Менеджер IT-проектов;65000;80000;руб.
https://www.superjob.ru;https://www.superjob.ru/vakansii/glavnyj-klientskij-menedzher-35225297.html;Главный клиентский менеджер;;;None
https://www.superjob.ru;https://www.superjob.ru/vakansii/menedzher-po-rabote-s-klyuchevymi-klientami-30216487.html;Менеджер по работе с ключевыми клиентами;60000;None;руб.
https://www.superjob.ru;https://www.superjob.ru/vakansii/regionalnyj-menedzher-po-rabote-s-federalnymi-torgovymi-setyami-34427498.html;Региональный менеджер по работе с федеральными торговыми сетями;;;None
https://www.superjob.ru;https://www.superjob.ru/vakansii/menedzher-po-torgovle-35134059.html;Менеджер по торговле / Руководитель розничной сети;100000;120000;руб.
https://www.superjob.ru;https://www.superjob.ru/vakansii/territorialnyj-menedzher-v2v-35057108.html;Территориальный менеджер В2В (корпоративные поставки ГСМ);None;150000;руб.
https://www.superjob.ru;https://www.superjob.ru/vakansii/menedzher-po-rabote-s-salonami-32191741.html;Менеджер по работе с салонами;60000;None;руб.
https://www.superjob.ru;https://www.superjob.ru/vakansii/brend-menedzher-35024802.html;Бренд-менеджер;;;None
https://www.superjob.ru;https://www.superjob.ru/vakansii/menedzher-po-rabote-s-zagorodnoj-nedvizhimostyu-11666982.html;Менеджер по работе с загородной недвижимостью;60000;None;руб.
https://www.superjob.ru;https://www.superjob.ru/vakansii/menedzher-35169610.html;Менеджер / Управляющий АЗС;None;70000;руб.
https://www.superjob.ru;https://www.superjob.ru/vakansii/menedzher-po-rabote-s-klientami-35062561.html;Менеджер по работе с клиентами;None;40000;руб.
https://www.superjob.ru;https://www.superjob.ru/vakansii/menedzher-roznichnoj-seti-26995673.html;Менеджер розничной сети;53275;None;руб.
https://www.superjob.ru;https://www.superjob.ru/vakansii/torgovyj-predstavitel-11202872.html;Торговый представитель;;;None
https://www.superjob.ru;https://www.superjob.ru/vakansii/territorialnyj-menedzher-pos-31554487.html;Территориальный менеджер POS;;;None
https://www.superjob.ru;https://www.superjob.ru/vakansii/menedzher-konsultant-35110826.html;Менеджер-консультант;60000;None;руб.
https://www.superjob.ru;https://www.superjob.ru/vakansii/menedzher-po-soprovozhdeniyu-klientov-34932281.html;Менеджер по сопровождению клиентов;40000;None;руб.
https://www.superjob.ru;https://www.superjob.ru/vakansii/menedzher-po-rabote-s-klyuchevymi-klientami-30556775.html;Менеджер по работе с ключевыми клиентами (КАМ);80000;None;руб.
https://www.superjob.ru;https://www.superjob.ru/vakansii/menedzher-po-razvitiyu-35143481.html;Менеджер по развитию;40000;None;руб.
https://www.superjob.ru;https://www.superjob.ru/vakansii/menedzher-konsultant-po-arende-32421857.html;Менеджер-консультант по аренде;75000;None;руб.
https://www.superjob.ru;https://www.superjob.ru/vakansii/personalnyj-menedzher-po-rabote-s-korporativnymi-klientami-35294014.html;Персональный менеджер по работе с корпоративными клиентами (b2b);;;None
https://www.superjob.ru;https://www.superjob.ru/vakansii/menedzher-po-rabote-s-klyuchevymi-klientami-35143146.html;Менеджер по работе с ключевыми клиентами;70000;None;руб.
https://www.superjob.ru;https://www.superjob.ru/vakansii/menedzher-agentskoj-gruppy-35080388.html;Менеджер агентской группы;None;55000;руб.
https://www.superjob.ru;https://www.superjob.ru/vakansii/menedzher-po-torgovle-34692576.html;Менеджер по торговле;;;None
https://www.superjob.ru;https://www.superjob.ru/vakansii/menedzher-po-zakupkam-34273802.html;Менеджер по закупкам;;;None
https://www.superjob.ru;https://www.superjob.ru/vakansii/pomoschnik-rukovoditelya-v-upravlyayuschuyu-kompaniyu-35110117.html;Помощник руководителя в управляющую компанию;80000;None;руб.
https://www.superjob.ru;https://www.superjob.ru/vakansii/menedzher-po-rabote-s-klientami-34913245.html;Менеджер по работе с клиентами;45000;45000;руб.
https://www.superjob.ru;https://www.superjob.ru/vakansii/avarijnyj-komissar-35237352.html;Аварийный комиссар;55000;None;руб.
https://www.superjob.ru;https://www.superjob.ru/vakansii/torgovyj-predstavitel-33300209.html;Торговый представитель;None;50000;руб.
https://www.superjob.ru;https://www.superjob.ru/vakansii/torgovyj-predstavitel-kurskaya-oblast-27553605.html;Торговый представитель Курская область;40000;None;руб.
https://www.superjob.ru;https://www.superjob.ru/vakansii/regionalnyj-menedzher-35103709.html;Региональный менеджер;40000;None;руб.
https://www.superjob.ru;https://www.superjob.ru/vakansii/menedzher-po-razvitiyu-35109530.html;Менеджер по развитию;50000;None;руб.
https://www.superjob.ru;https://www.superjob.ru/vakansii/specialist-po-podboru-zapasnyh-chastej-kia-35204834.html;Специалист по подбору запасных частей KIA (м. Семеновская / Электрозаводская);None;68000;руб.
https://www.superjob.ru;https://www.superjob.ru/vakansii/logist-32993760.html;Логист, специалист по снабжению;25000;None;руб.
https://www.superjob.ru;https://www.superjob.ru/vakansii/menedzher-po-rabote-s-klientami-31258753.html;Менеджер по работе с клиентами;40000;None;руб.
https://www.superjob.ru;https://www.superjob.ru/vakansii/menedzher-proekta-34982770.html;Менеджер проекта / Комплектант;35000;39000;руб.
https://www.superjob.ru;https://www.superjob.ru/vakansii/produkt-menedzher-otdela-marketinga-34740466.html;Продукт-менеджер отдела маркетинга;60000;70000;руб.
https://www.superjob.ru;https://www.superjob.ru/vakansii/kategorijnyj-menedzher-so-znaniem-excel-34107416.html;Категорийный менеджер со знанием Excel;;;None
https://www.superjob.ru;https://www.superjob.ru/vakansii/menedzher-po-podboru-personala-35109074.html;Менеджер по подбору персонала;35000;None;руб.
https://www.superjob.ru;https://www.superjob.ru/vakansii/menedzher-po-arende-28970911.html;Менеджер по аренде;90000;None;руб.
https://www.superjob.ru;https://www.superjob.ru/vakansii/menedzher-po-strahovaniyu-35054114.html;Менеджер по страхованию / Страховой консультант;None;45000;руб.
https://www.superjob.ru;https://www.superjob.ru/vakansii/master-priemschik-28116135.html;Мастер-приемщик;40000;None;руб.
https://www.superjob.ru;https://www.superjob.ru/vakansii/territorialnyj-menedzher-pos-napravleniya-31894204.html;Территориальный менеджер POS-направления;;;None
https://www.superjob.ru;https://www.superjob.ru/vakansii/menedzher-po-rabote-s-klientami-35091628.html;Менеджер по работе с клиентами;80000;None;руб.
https://www.superjob.ru;https://www.superjob.ru/vakansii/territorialnyj-menedzher-29388074.html;Территориальный менеджер;80000;None;руб.
https://www.superjob.ru;https://www.superjob.ru/vakansii/menedzher-po-rabote-s-proektami-35059694.html;Менеджер по работе с проектами;60000;65000;руб.
https://www.superjob.ru;https://www.superjob.ru/vakansii/torgovyj-predstavitel-34689180.html;Торговый представитель, региональный менеджер, выездной менеджер;50000;None;руб.
https://www.superjob.ru;https://www.superjob.ru/vakansii/medicinskij-predstavitel-35171869.html;Медицинский представитель;50000;None;руб.
https://www.superjob.ru;https://www.superjob.ru/vakansii/ofis-menedzher-32532086.html;Офис-менеджер;;;None
https://www.superjob.ru;https://www.superjob.ru/vakansii/menedzher-po-razvitiyu-territorii-35278215.html;Менеджер по развитию территории;50000;None;руб.
https://www.superjob.ru;https://www.superjob.ru/vakansii/menedzher-v-otdelenie-banka-35129377.html;Менеджер в отделение банка (Целинное);;;None
https://www.superjob.ru;https://www.superjob.ru/vakansii/veduschij-menedzher-po-reklame-i-marketingu-35052849.html;Ведущий менеджер по рекламе и маркетингу;70000;None;руб.
https://www.superjob.ru;https://www.superjob.ru/vakansii/territorialnyj-menedzher-34937477.html;Территориальный менеджер;;;None
https://www.superjob.ru;https://www.superjob.ru/vakansii/menedzher-po-rabote-s-klientami-35125834.html;Менеджер по работе с клиентами;None;50000;руб.
https://www.superjob.ru;https://www.superjob.ru/vakansii/menedzher-po-zapasnym-chastyam-33476193.html;Менеджер по запасным частям;50000;None;руб.
https://www.superjob.ru;https://www.superjob.ru/vakansii/menedzher-po-rabote-s-kategoriej-ovoschi-frukty-35102088.html;Менеджер по работе с категорией Овощи-фрукты;32500;32500;руб.
https://www.superjob.ru;https://www.superjob.ru/vakansii/territorialnyj-menedzher-34143087.html;Территориальный менеджер (Правобережный район / Байкальский тракт);80000;None;руб.
https://www.superjob.ru;https://www.superjob.ru/vakansii/strahovoj-predstavitel-32451554.html;Страховой представитель;10000;None;руб.
https://www.superjob.ru;https://www.superjob.ru/vakansii/torgovyj-predstavitel-32198943.html;Торговый представитель;70000;None;руб.
https://www.superjob.ru;https://www.superjob.ru/vakansii/rieltor-28979639.html;Риэлтор;85000;None;руб.
https://www.superjob.ru;https://www.superjob.ru/vakansii/menedzher-po-strahovaniyu-35077974.html;Менеджер по страхованию;None;45000;руб.
https://www.superjob.ru;https://www.superjob.ru/vakansii/operator-call-centra-29963038.html;Оператор call-центра;30000;None;руб.
https://www.superjob.ru;https://www.superjob.ru/vakansii/menedzher-po-rabote-s-klientami-33687019.html;Менеджер по работе с клиентами;70000;None;руб.
https://www.superjob.ru;https://www.superjob.ru/vakansii/menedzher-po-oformleniyu-kart-halva-34309163.html;Менеджер по оформлению карт Халва (Оби);60000;None;руб.
https://www.superjob.ru;https://www.superjob.ru/vakansii/menedzher-obekta-34109647.html;Менеджер объекта;80000;None;руб.
https://www.superjob.ru;https://www.superjob.ru/vakansii/menedzher-po-razvitiyu-informacionnoj-bezopasnosti-34932576.html;Менеджер по развитию информационной безопасности;;;None
https://www.superjob.ru;https://www.superjob.ru/vakansii/menedzher-po-podboru-personala-35159439.html;Менеджер по подбору персонала;30000;None;руб.
https://www.superjob.ru;https://www.superjob.ru/vakansii/strahovoj-agent-33865673.html;Страховой агент;;;None
https://www.superjob.ru;https://www.superjob.ru/vakansii/eksklyuzivnyj-torgovyj-predstavitel-35158548.html;Эксклюзивный торговый представитель;40000;None;руб.
https://www.superjob.ru;https://www.superjob.ru/vakansii/menedzher-po-rabote-s-klientami-35049072.html;Менеджер по работе с клиентами;25000;None;руб.
https://www.superjob.ru;https://www.superjob.ru/vakansii/menedzher-po-torgovle-35292391.html;Менеджер по торговле (территориальный менеджер);;;None
https://www.superjob.ru;https://www.superjob.ru/vakansii/menedzher-po-rabote-s-klyuchevymi-klientami-34930901.html;Менеджер по работе с ключевыми клиентами (госпитальный канал);;;None
https://www.superjob.ru;https://www.superjob.ru/vakansii/menedzher-po-rabote-s-klientami-35292086.html;Менеджер по работе с клиентами;20000;25000;руб.
https://www.superjob.ru;https://www.superjob.ru/vakansii/menedzher-sklada-zapasnyh-chastej-35224413.html;Менеджер склада запасных частей;35000;None;руб.
https://www.superjob.ru;https://www.superjob.ru/vakansii/sistemnyj-administrator-35223653.html;Системный администратор / Системный инженер;84000;84000;руб.
https://www.superjob.ru;https://www.superjob.ru/vakansii/menedzher-po-razvitiyu-biznesa-34754159.html;Менеджер по развитию бизнеса;50000;55000;руб.
https://www.superjob.ru;https://www.superjob.ru/vakansii/menedzher-po-rabote-s-marketplejsami-35222590.html;Менеджер по работе с маркетплейсами;;;None
https://www.superjob.ru;https://www.superjob.ru/vakansii/menedzher-po-rabote-s-setevymi-klientami-33174324.html;Менеджер по работе с сетевыми клиентами;50000;55000;руб.
https://www.superjob.ru;https://www.superjob.ru/vakansii/menedzher-po-zakupkam-avtozapchastej-35103139.html;Менеджер по закупкам автозапчастей;40000;None;руб.
https://www.superjob.ru;https://www.superjob.ru/vakansii/menedzher-po-arende-29391068.html;Менеджер по аренде;40000;150000;руб.
https://www.superjob.ru;https://www.superjob.ru/vakansii/menedzher-po-strahovaniyu-32142466.html;Менеджер по страхованию / Страховой агент;30000;35000;руб.
https://www.superjob.ru;https://www.superjob.ru/vakansii/zamestitel-upravlyayuschego-po-malomu-i-srednemu-biznesu-35171584.html;Заместитель управляющего по малому и среднему бизнесу;;;None
https://www.superjob.ru;https://www.superjob.ru/vakansii/strahovoj-konsultant-31383256.html;Страховой консультант;20000;None;руб.
https://www.superjob.ru;https://www.superjob.ru/vakansii/menedzher-po-kreditovaniyu-i-strahovaniyu-dilerskogo-centra-hyundai-na-ulyanovskoj-33254333.html;Менеджер по кредитованию и страхованию Дилерского центра HYUNDAI на Ульяновской;45000;None;руб.
https://www.superjob.ru;https://www.superjob.ru/vakansii/ofis-menedzher-30930803.html;Офис-менеджер / Секретарь;50000;50000;руб.
https://www.superjob.ru;https://www.superjob.ru/vakansii/menedzher-po-razvitiyu-territorii-27644085.html;Менеджер по развитию территории;40000;None;руб.
https://www.superjob.ru;https://www.superjob.ru/vakansii/territorialnyj-menedzher-35288522.html;Территориальный менеджер;40000;None;руб.
https://www.superjob.ru;https://www.superjob.ru/vakansii/rieltor-33449599.html;Риэлтор;100000;None;руб.
https://www.superjob.ru;https://www.superjob.ru/vakansii/menedzher-po-rabote-s-klientami-35089188.html;Менеджер по работе с клиентами;32000;None;руб.
https://www.superjob.ru;https://www.superjob.ru/vakansii/menedzher-po-logistike-30439180.html;Менеджер по логистике / Специалист по сопровождению клиентов;55000;65000;руб.
https://www.superjob.ru;https://www.superjob.ru/vakansii/torgovyj-predstavitel-35101111.html;Торговый представитель (Energizer);None;65000;руб.
https://www.superjob.ru;https://www.superjob.ru/vakansii/regionalnyj-predstavitel-33480715.html;Региональный представитель;;;None
https://www.superjob.ru;https://www.superjob.ru/vakansii/ofis-menedzher-11503382.html;Офис-менеджер;20000;None;руб.
https://www.superjob.ru;https://www.superjob.ru/vakansii/torgovyj-predstavitel-po-rabote-s-klyuchevymi-klientami-35100343.html;Торговый представитель по работе с ключевыми клиентами;120000;150000;руб.
https://www.superjob.ru;https://www.superjob.ru/vakansii/menedzher-po-podboru-avtozapchastej-35099809.html;Менеджер по подбору автозапчастей (на склад СТО);60000;None;руб.
https://www.superjob.ru;https://www.superjob.ru/vakansii/regionalnyj-torgovyj-predstavitel-35216160.html;Региональный торговый представитель;None;50000;руб.
https://www.superjob.ru;https://www.superjob.ru/vakansii/menedzher-roznichnoj-seti-12229162.html;Менеджер розничной сети;40000;None;руб.
https://www.superjob.ru;https://www.superjob.ru/vakansii/menedzher-po-razvitiyu-34948800.html;Менеджер по развитию / Медицинский представитель;;;None
https://www.superjob.ru;https://www.superjob.ru/vakansii/kladovschik-28136388.html;Кладовщик (м. Бухарестская, Международная);35000;None;руб.
https://www.superjob.ru;https://www.superjob.ru/vakansii/menedzher-32456626.html;Менеджер (агент) по заключению договоров;85000;None;руб.
https://www.superjob.ru;https://www.superjob.ru/vakansii/menedzher-po-strahovaniyu-32160649.html;Менеджер по страхованию;25000;30000;руб.
https://www.superjob.ru;https://www.superjob.ru/vakansii/strahovoj-konsultant-34816955.html;Страховой консультант;50000;None;руб.
https://www.superjob.ru;https://www.superjob.ru/vakansii/menedzher-po-rabote-s-klyuchevymi-klientami-33613463.html;Менеджер по работе с ключевыми клиентами (КАМ);60000;None;руб.
https://www.superjob.ru;https://www.superjob.ru/vakansii/specialist-po-zagorodnoj-nedvizhimosti-35094140.html;Специалист по загородной недвижимости;60000;None;руб.
https://www.superjob.ru;https://www.superjob.ru/vakansii/regionalnyj-menedzher-29320783.html;Региональный менеджер;70000;None;руб.
https://www.superjob.ru;https://www.superjob.ru/vakansii/territorialnyj-menedzher-33692326.html;Территориальный менеджер;80000;None;руб.
https://www.superjob.ru;https://www.superjob.ru/vakansii/menedzher-po-razvitiyu-territorij-12271655.html;Менеджер по развитию территорий;40000;None;руб.
https://www.superjob.ru;https://www.superjob.ru/vakansii/menedzher-po-rabote-s-elektromontazhnymi-organizaciyami-35091064.html;Менеджер по работе с электромонтажными организациями;35000;None;руб.
https://www.superjob.ru;https://www.superjob.ru/vakansii/menedzher-po-transportnoj-logistike-35197336.html;Менеджер по транспортной логистике;30000;None;руб.
https://www.superjob.ru;https://www.superjob.ru/vakansii/specialist-po-rabote-s-klientami-35207124.html;Специалист по работе с клиентами (логист в транспортную компанию);;;None
https://www.superjob.ru;https://www.superjob.ru/vakansii/menedzher-po-treningam-35276032.html;Менеджер по тренингам;90000;110000;руб.
https://www.superjob.ru;https://www.superjob.ru/vakansii/inzhener-po-standartizacii-i-sertifikacii-35275816.html;Инженер по стандартизации и сертификации;40000;50000;руб.
https://www.superjob.ru;https://www.superjob.ru/vakansii/menedzher-ekspeditor-25261767.html;Менеджер-экспедитор;47000;None;руб.
https://www.superjob.ru;https://www.superjob.ru/vakansii/programmist-asp-35204823.html;Программист ASP.NET (м. Новогиреево / Новокосино);None;120000;руб.
https://www.superjob.ru;https://www.superjob.ru/vakansii/prodakt-menedzher-mbt-31187307.html;Продакт-менеджер МБТ / Бренд менеджер / Менеджер по закупкам МБТ;75000;90000;руб.
https://www.superjob.ru;https://www.superjob.ru/vakansii/torgovyj-predstavitel-35133922.html;Торговый представитель (продукты питания);50000;None;руб.
https://www.superjob.ru;https://www.superjob.ru/vakansii/menedzher-po-rabote-s-klyuchevymi-klientami-30651708.html;Менеджер по работе с ключевыми клиентами / Key Account Manager (КАМ);None;70000;руб.
https://www.superjob.ru;https://www.superjob.ru/vakansii/veduschij-menedzher-po-rabote-s-korporativnymi-klientami-35083981.html;Ведущий менеджер по работе с корпоративными клиентами (направление оргтехника);100000;None;руб.
https://www.superjob.ru;https://www.superjob.ru/vakansii/menedzher-po-rabote-s-klientami-35203447.html;Менеджер по работе с клиентами (автотюнинг);65000;None;руб.
https://www.superjob.ru;https://www.superjob.ru/vakansii/menedzher-29372176.html;Менеджер;90000;None;руб.
https://www.superjob.ru;https://www.superjob.ru/vakansii/pomoschnik-menedzhera-agentskoj-gruppy-35052961.html;Помощник менеджера агентской группы;None;35000;руб.
https://www.superjob.ru;https://www.superjob.ru/vakansii/specialist-po-rabote-s-klientami-29212031.html;Специалист по работе с клиентами;25000;None;руб.
https://www.superjob.ru;https://www.superjob.ru/vakansii/torgovyj-predstavitel-35275466.html;Торговый представитель (строительные материалы);None;60000;руб.
https://www.superjob.ru;https://www.superjob.ru/vakansii/armaturschik-35204816.html;Арматурщик (кузовной цех, м. Пражская);50000;None;руб.
https://www.superjob.ru;https://www.superjob.ru/vakansii/menedzher-po-rabote-s-klientami-35133172.html;Менеджер по работе с клиентами;None;70000;руб.
https://www.superjob.ru;https://www.superjob.ru/vakansii/territorialnyj-direktor-33279201.html;Территориальный директор;85000;None;руб.
https://www.superjob.ru;https://www.superjob.ru/vakansii/torgovyj-predstavitel-28596566.html;Торговый представитель;35000;None;руб.
https://www.superjob.ru;https://www.superjob.ru/vakansii/dispetcher-logist-35060093.html;Диспетчер-логист;32000;None;руб.
https://www.superjob.ru;https://www.superjob.ru/vakansii/menedzher-po-zakupkam-zapchastej-25933853.html;Менеджер по закупкам запчастей;;;None
https://www.superjob.ru;https://www.superjob.ru/vakansii/ofis-menedzher-v-set-magazinov-32628088.html;Офис-менеджер в сеть магазинов;25000;31000;руб.
https://www.superjob.ru;https://www.superjob.ru/vakansii/direktor-po-razvitiyu-35130613.html;Директор по развитию;;;None
https://www.superjob.ru;https://www.superjob.ru/vakansii/menedzher-po-rabote-s-marketplejsami-35271614.html;Менеджер по работе с маркетплейсами;60000;70000;руб.
https://www.superjob.ru;https://www.superjob.ru/vakansii/menedzher-po-rabote-klientami-31823878.html;Менеджер по работе клиентами (торговый представитель);70000;None;руб.
https://www.superjob.ru;https://www.superjob.ru/vakansii/menedzher-po-obucheniyu-personala-35271327.html;Менеджер по обучению персонала;40000;None;руб.
https://www.superjob.ru;https://www.superjob.ru/vakansii/menedzher-30654521.html;Менеджер;30000;None;руб.
https://www.superjob.ru;https://www.superjob.ru/vakansii/torgovyj-predstavitel-po-penzenskoj-oblasti-34851527.html;Торговый представитель по Пензенской области;50000;50000;руб.
https://www.superjob.ru;https://www.superjob.ru/vakansii/torgovyj-predstavitel-34059386.html;Торговый представитель;100000;None;руб.
https://www.superjob.ru;https://www.superjob.ru/vakansii/menedzher-po-rabote-s-klyuchevymi-zakazchikami-35196487.html;Менеджер по работе с ключевыми заказчиками (интерн) Procter&Gamble;None;60000;руб.
https://www.superjob.ru;https://www.superjob.ru/vakansii/assistent-rukovoditelya-34172724.html;Ассистент руководителя;;;None
https://www.superjob.ru;https://www.superjob.ru/vakansii/menedzher-po-rabote-s-partnerami-32421478.html;Менеджер по работе с партнерами;90000;None;руб.
https://www.superjob.ru;https://www.superjob.ru/vakansii/specialist-po-strahovaniyu-32408062.html;Специалист по страхованию;None;70000;руб.
https://www.superjob.ru;https://www.superjob.ru/vakansii/avtomehanik-kia-35204811.html;Автомеханик KIA (м. Юго-Западная);None;120000;руб.
https://www.superjob.ru;https://www.superjob.ru/vakansii/menedzher-31592536.html;Менеджер (в автокомплекс);35000;None;руб.
https://www.superjob.ru;https://www.superjob.ru/vakansii/menedzher-konsultant-11241373.html;Менеджер-консультант;40000;80000;руб.
https://www.superjob.ru;https://www.superjob.ru/vakansii/specialist-po-prodvizheniyu-na-youtube-i-v-socialnyh-setyah-35028942.html;Специалист по продвижению на YouTube и в социальных сетях / SMM менеджер;;;None
https://www.superjob.ru;https://www.superjob.ru/vakansii/menedzher-po-rabote-s-klyuchevymi-klientami-35263468.html;Менеджер по работе с ключевыми клиентами (в г. Щелково);120000;None;руб.
https://www.superjob.ru;https://www.superjob.ru/vakansii/specialist-po-rabote-s-klientami-35218313.html;Специалист по работе с клиентами;30000;None;руб.
https://www.superjob.ru;https://www.superjob.ru/vakansii/menedzher-po-rabote-s-mebelnymi-salonami-35061363.html;Менеджер по работе с мебельными салонами;30000;None;руб.
https://www.superjob.ru;https://www.superjob.ru/vakansii/regionalnyj-menedzher-34778227.html;Региональный менеджер;None;75000;руб.
https://www.superjob.ru;https://www.superjob.ru/vakansii/prodakt-menedzher-35061278.html;Продакт-менеджер;;;None
https://www.superjob.ru;https://www.superjob.ru/vakansii/raznorabochij-27541792.html;Разнорабочий (Шушары);35000;None;руб.
https://www.superjob.ru;https://www.superjob.ru/vakansii/prodavec-konsultant-35060900.html;Продавец-консультант, менеджер по подбору автозапчастей;35000;40000;руб.
https://www.superjob.ru;https://www.superjob.ru/vakansii/menedzher-po-rabote-s-klyuchevymi-klientami-v-nedvizhimosti-32308591.html;Менеджер по работе с ключевыми клиентами в недвижимости (г. Сочи);180000;None;руб.
https://www.superjob.ru;https://www.superjob.ru/vakansii/menedzher-po-arende-34634424.html;Менеджер по аренде;40800;None;руб.
https://www.superjob.ru;https://www.superjob.ru/vakansii/supervajzer-merchandajzerov-34345978.html;Супервайзер мерчандайзеров;None;87975;руб.
https://www.superjob.ru;https://www.superjob.ru/vakansii/regionalnyj-torgovyj-predstavitel-35143108.html;Региональный торговый представитель;None;120000;руб.
https://www.superjob.ru;https://www.superjob.ru/vakansii/menedzher-otdela-prodvizheniya-31774855.html;Менеджер отдела продвижения (натурального камня и кварцекерамики);;;None
https://www.superjob.ru;https://www.superjob.ru/vakansii/menedzher-po-zaklyucheniyu-dogovorov-31014450.html;Менеджер по заключению договоров;75000;None;руб.
https://www.superjob.ru;https://www.superjob.ru/vakansii/menedzher-konsultant-29334243.html;Менеджер-консультант;40000;150000;руб.
https://www.superjob.ru;https://www.superjob.ru/vakansii/menedzher-po-kommercii-32422154.html;Менеджер по коммерции;95000;None;руб.
https://www.superjob.ru;https://www.superjob.ru/vakansii/menedzher-po-rabote-s-korporativnymi-klientami-32402163.html;Менеджер по работе с корпоративными клиентами;90000;None;руб.
https://www.superjob.ru;https://www.superjob.ru/vakansii/menedzher-po-rabote-s-setevymi-klientami-32408102.html;Менеджер по работе с сетевыми клиентами;90000;None;руб.
https://www.superjob.ru;https://www.superjob.ru/vakansii/pomoschnik-menedzhera-32447122.html;Помощник менеджера;40000;150000;руб.
https://www.superjob.ru;https://www.superjob.ru/vakansii/rieltor-stazhjor-32452749.html;Риелтор-стажёр / Агент;45000;150000;руб.
https://www.superjob.ru;https://www.superjob.ru/vakansii/konsultant-po-nedvizhimosti-32431784.html;Консультант по недвижимости;80000;None;руб.
https://www.superjob.ru;https://www.superjob.ru/vakansii/menedzher-po-rabote-s-klyuchevymi-klientami-32401238.html;Менеджер по работе с ключевыми клиентами;90000;None;руб.
https://www.superjob.ru;https://www.superjob.ru/vakansii/menedzher-po-rabote-s-klyuchevymi-klientami-32436925.html;Менеджер по работе с ключевыми клиентами;70000;None;руб.
https://www.superjob.ru;https://www.superjob.ru/vakansii/menedzher-v-kommercheskij-otdel-32418652.html;Менеджер в коммерческий отдел;90000;None;руб.
https://www.superjob.ru;https://www.superjob.ru/vakansii/broker-po-rabote-s-klientami-32459678.html;Брокер по работе с клиентами;100000;None;руб.
https://www.superjob.ru;https://www.superjob.ru/vakansii/agent-po-kommercii-32439740.html;Агент по коммерции;75000;None;руб.
https://www.superjob.ru;https://www.superjob.ru/vakansii/ekspert-v-sfere-nedvizhimosti-32427952.html;Эксперт в сфере недвижимости;45000;150000;руб.
https://www.superjob.ru;https://www.superjob.ru/vakansii/rieltor-32410596.html;Риелтор (помощник риелтора);40000;150000;руб.
https://www.superjob.ru;https://www.superjob.ru/vakansii/menedzher-v-otdel-arendy-kommercheskoj-nedvizhimosti-32487714.html;Менеджер в отдел аренды коммерческой недвижимости;95000;None;руб.
https://www.superjob.ru;https://www.superjob.ru/vakansii/specialist-32398758.html;Специалист;85000;None;руб.
https://www.superjob.ru;https://www.superjob.ru/vakansii/broker-po-nedvizhimosti-32439885.html;Брокер по недвижимости;100000;None;руб.
https://www.superjob.ru;https://www.superjob.ru/vakansii/rieltor-stazher-32432807.html;Риелтор-стажер;75000;None;руб.
https://www.superjob.ru;https://www.superjob.ru/vakansii/barista-v-kofejnyu-35263338.html;Бариста в кофейню (м. Новогиреево / Новокосино / Выхино);40000;None;руб.
